id,question,answer
1,Few-shot examples이란 무엇인가요?,"모델에 몇 가지 예시를 제공하고 해당 예시를 참고하여 답변을 하도록 하여 더 나은 성능을 발휘하로록 만드는 기술

Zero-shot: 예제를 제공하지 않음
One-shot: 한 개의 예제를 제공함
Few-shot: 두 개 이상의 예제를 제공함

충분히 큰 모델에서만 유의미하게 작동
산술 추론 문제에는 적합하지 않음
정답을 정확히 주기 보다 레이블의 랜덤한 분포를 가진 것이 더 나음 
샘플의 내용이나 논리가 아니라, 형식만 참고한다는 연구가 있음"
2,Chain-of-Thought이란 무엇인가요?,"LLM에게 이유에 대해서 설명하도록 만들어 답을 더 정확하게 생성하도록 만드는 기술로, 중간 추론 단계를 거치도록 하여, 복잡한 사고가 필요한 작업에 정확도를 향상 시키는 방법
답이 나오는 과정에 대해 설명한 예시를 보여주고, 지시에 대한 답을 생성할 때 예시와 동일한 방식으로 그에 대한 과정을 설명하도록 만듬

OpenAI Chat 형식의 경우, Zero-shot CoT으로 대답하도록 하는 것이 기본으로 적용되어 있음
어떤 경우는 오히려 성능이 떨어질 수도 있으므로, 해당 문제를 풀기 위한 적절한 방법이 맞는지 여러 샘플로 확인 필요"
3,Self-Consistency란 무엇인가요?,"여러가지 방식의 CoT를 통해 다양한 추론 과정을 거치고, 그 중에서 가장 많이 나온, 즉, 일관된 답을 선택하는 CoT의 확장 기술
CoT의 예제 경로를 다양하게 제공하여, LLM이 여러번 추론을 하면서 랜덤하게 경로를 선택해 답을 생성하도록 함

추론 경로를 최대한 다양하게 제공해야 하므로 토큰수를 많이 사용
결과 취합을 위한 후처리 필요"
4,Selection-Inference란 무엇인가요?,"복잡한 문제를 해결하기 위해 여러 추론 단계를 연결하기 위한 기술
선택(Selection)과 추론(Inference) 사이를 번갈아 가며 일련의 해석 가능한, 원인-결과적인 추론 단계를 생성하여 최종 답변을 이끌어내는 프레임워크

추론 흔적이 남아 인과를 해석 가능하여 디버깅에 유용함
논문에서 제안하는 반복적인 Selection-Inference를 실사용 케이스에 구현하려면 추론 단계를 생성하고 종료하는 프레임웍을 세심하게 구성해야 함
복잡한 추론 뿐 아니라, 주어진 컨텍스트에서 정보를 정확히 추출하여 답하도록 하여 성능을 높이는 데에 유용함"
5,Least-to-Most란 무엇인가요?,"하나의 문제를 더 작은 여러개의 하위 작업으로 분할하는 기법
“{주어진 문제}를 풀려면 먼저 다음 문제를 풀어야 합니다: “ 라는 프롬프트로 다음 문제(질문)을 생성하고, 해당 질문을 통해 다음 답을 생성. 이 과정을 최종 답변이 생성될 때 까지 반복
하위 작업들은 한번에 하나씩 해결되며, 이전에 생성한 답을 다음 문제를 해결하는데 사용함

CoT와 Selection-Inference을 결합한 방법
Task를 분할하여 작은 문제로 나눠 해결하는, 분할 정복 방법으로 응용하여 Autonomous Agent 개발 등에 사용"
6,ReAct란 무엇인가요?,"실행 계획을 유도하고 추적하여 작업별로 실행할 액션을 선택하고 실행하는 방법
외부 API와 상호 작용하여 검색엔진을 통해 신뢰할 수 있는 정보를 사용하거나, 계산기나 이미지 생성 등의 도구를 사용할 수 있음

실제 툴을 사용해서 정보를 주입하지 않아도, Wikipedia 검색을 시뮬레이션하는 것 만으로 성능을 향상시킬 수 있음
실제 툴을 사용하도록 할 때는, 각 단계별로 끊어서 결과를 출력하도록 제어 할 필요가 있음
기본 프롬프트가 매우 길어지므로 토큰 제어에 유의 할 필요가 있음"
7,Self Evaluation이란 무엇인가요?,"LLM이 생성한 결과를 LLM이 평가하게 하여, 오류를 잡거나 결과를 향상시키는 방법
데이터셋 생성 자동화, RLHF의 AI 피드백, 프롬프트 평가 자동화 등에 사용하여 데이터셋이나 LLM의 결과를 스스로 조정할 수 있게 함

구체적인 프레임웍이 존재하는 것은 아니며, 스스로 평가한다는 컨셉으로 Self Critique, Constitutional AI 등 다양한 응용 방식이 있음
장기적으로는 Automatic Prompt Engineer, Autonomous Agent 등, AI가 스스로의 결과를 평가하고 향상시키는 방법이 가장 중요한 방법론 중 하나가 될 것으로 예상함
다만, GPT-4 수준의 성능을 가진 LLM으로만 의미있는 평가를 할 수 있으므로, 당분간은 사용범위에 상당한 제약이 있음"